{"version":1,"hash":{"type":"Buffer","data":"OUjl0vWEctJCvErSdRolSsFq6WijD+r0CW6mqgUbw6sPtLONp3ou3ESKvVPqSngyHvmGl79Z8/fxe5zICGBu9tp9S7CZcvlooutikAAIVo6Q+TzWmgaBMDTO4uE0Scf8ydViJTKxCY03aF9ETp/ZhgofvOSix61bUzP5BSUZ0h0="},"indexValueMap":{"JMQKiEIBS5Dv6mkPqqm9KbnHDcsiiB2CSmXnAL1inTc=":{"valueMac":{"type":"Buffer","data":"IBNXTwQpoDMpYtV8y1aZhpSjH05yx0OLYwbwZtZNlFw="}},"dwiumYJmq9JTgHJoGaXdAmVMBG71hC7UZRQlyauWz1U=":{"valueMac":{"type":"Buffer","data":"rFsofmvb2c9YhIO5w+o8r/ck77CLfeBCa664H5XtTBs="}},"ghe0rNJJk2CFNvoCLXFnelDbx4/2C3naa7ViPSPmMe0=":{"valueMac":{"type":"Buffer","data":"7A9tLYEx5GZy4DEhLLqMa4iREn9KQI27kHY9n0XdlM0="}},"aJb+S79GnIInff5mhWQXiBQ9KmYVnNAEPYo8m6CGXx4=":{"valueMac":{"type":"Buffer","data":"4Xlxqd43nAlicXJ/kb2rQ32yp4V37Nq055MGnrNItO4="}},"villC72eqUXc9n/25INOLR5uXwe1wJVLUlqWrmCdB8s=":{"valueMac":{"type":"Buffer","data":"bgq2wmhTskaqgCGzUM394jhNGOrXKdAgr4yHQ8wHT/0="}},"oKAXsdk1iCdwdwtDP4qJ3Up81cjj/qS/QPpQe2HnPlU=":{"valueMac":{"type":"Buffer","data":"SlcFzD+36qrbUpru79I6nPEVkyB8QichiVWtXZWW3S0="}},"hebEbGJPmclu9P2DAbQiMpHMYWSJ2O6gv2L6k4d5Z2E=":{"valueMac":{"type":"Buffer","data":"BWSvEAdKP+uIfJNh2OlA68noxydgINvMx+t98BmPiW8="}},"ykQPwT4YkhOMCaygK7nPK7ShPGtWi3V5JDfXuNfaL+0=":{"valueMac":{"type":"Buffer","data":"urJaInOnpZyYiKj1k7FW1ux2+u/myG58OlirGtVJC50="}},"NKvG4zs1BUrgbAvd/asuoCRR5d0QK7JpSOaWoB0sla0=":{"valueMac":{"type":"Buffer","data":"DelcOv1lEy0BgIBcaVZEnpcD2UbxLmjKyWWq7ToGqEY="}},"se8vo3daOCvslU1ASjaJTn2vFGTg8GSVRID2GsmZb+o=":{"valueMac":{"type":"Buffer","data":"LfOB4TEnqFa17Vz8hJNXH/uzRVdrFbY8yyWMOgI+Ruk="}},"wLXBHc7kyzdQGeYhOpdnSWq5KM1x+Qc3DzILLDgW44Q=":{"valueMac":{"type":"Buffer","data":"upDcY7ccq0/iLGjLuw6RL3eZ9wS3C+17PLqZRBAvp/U="}},"2PjQlXGXdVEg9oh8jpyg/8xP5Cnn84yJHMiR+Gqx4cU=":{"valueMac":{"type":"Buffer","data":"LTUaAvxVfOufYbYw8H2drEMIBaTG0AvlQrNwZe1RajI="}},"7a2ui17yTp+6aLWaG/26FEdqv/ySi4ufbAP75Se/rvw=":{"valueMac":{"type":"Buffer","data":"TC/R5WGLDsmuT6tugeIGaAG5kRlg8cylGVDlvyllncw="}},"HcDRbkoflFeh+J0PDxqmWsmynKhNVT8al8Ii7ooUeco=":{"valueMac":{"type":"Buffer","data":"ZnPtwbHV2yh8MfOutZI+9MRpuju02Usj97J4pKnowsI="}},"fhKYw9i9C4ML3QVvVfENtWNcvCFLRtpx9xonxp3dS2A=":{"valueMac":{"type":"Buffer","data":"+xzS1wnywrArTR3eldoD0/iLrDNUH+nKL+vszSRsEOs="}},"OvXWf/7W0/TZ3Jf6W9i+Ui/u4WIQA5n/zSo+u9t5psI=":{"valueMac":{"type":"Buffer","data":"YgNh0BMcFX4/Y2F5Xy6FIGW3NN9nuIq4Cf+N1AUFLBw="}},"K8klELQme4qhKkDH8t6tNgPv+GW5/1xmX8WWGJfcb9s=":{"valueMac":{"type":"Buffer","data":"1r+14qlxXfp4DpNa0RnTLy3kuHM7JVqJUp7ywiFocOE="}},"iOcI9MUnyalyUsvC92wk7f39ZMkIOgas7XE+A1dGCdQ=":{"valueMac":{"type":"Buffer","data":"R2/zcMx+JiFCqyQDJ/+90ErEnMT9Q+ttqvI50sMq2k4="}},"IjYgTByY796ZWWD2HsRGGlbGBg0mUaECTtRuePAxmlM=":{"valueMac":{"type":"Buffer","data":"jE1ZWSMDGNVlJHzumcj7MVYYE6WDQEfbM5fKYJQnv/4="}},"0TTuwC8hwQy0tI4LLNgPAPqQLo72BzFd0L+kvh1qQPQ=":{"valueMac":{"type":"Buffer","data":"dtEVtbO7Z29VPvLdflazUrSIhLWrmSEUJmObmJHg6no="}},"8K79YQIBuiNfxs8hT844P3BqRcSSyC4ono8Z/lR8SDk=":{"valueMac":{"type":"Buffer","data":"B6xOruRj85bipcoTHrQgeb+wTBJ6GObqWTykaAWBCug="}},"QheTadoiQmKuC4wOXYs0WMH2byOFCttfYEeApW9kswE=":{"valueMac":{"type":"Buffer","data":"MBcZoeAfrz512sjGfqRahvVj0ZhCpmkoQ+B+wkIBG4A="}},"amqV6vSqUP6ZSN1Bc5AP2z6fdJcRJgCm4oVolnyYSSk=":{"valueMac":{"type":"Buffer","data":"pcbGl9C3EAdZ2qRFpbOOHRqU3RlAwx9iuRzAbCj/hmk="}},"Z3qPeJTdbo/o5FP9LCUDucx25/gYYW+r/2ycr9a5OWM=":{"valueMac":{"type":"Buffer","data":"cpRt7z0VC2cXs5HAKKQh7WM2uFMNp3Wa89kIuXbYiSw="}},"kjZ3Xw+icL77wdeTzdiaNd0gbEiDCOc+W96jDJYwgRI=":{"valueMac":{"type":"Buffer","data":"btFMCzmQucOEMfhuKwpgp4XwiPns6xOfw6Jb1rz+knc="}},"B1BbYcIGcmZ120cxQEgUbHV41kM0bj9+vXjEpTOX/u0=":{"valueMac":{"type":"Buffer","data":"5eZuXf0qFRxPdErlpyG73GkrlBe/XApV5aTiuW4G0m0="}},"IkSVl5oAAZqEvm7mSi7zSbquOLZX8YvMqj484pgQ36c=":{"valueMac":{"type":"Buffer","data":"KBea0wdV2WhalH/ex9FMzy6EUsjlT+VmBKLJ0V4NO3E="}},"W7K/b27MwSJlMJnr1wTocQpWc395SyzMp927MczMdyM=":{"valueMac":{"type":"Buffer","data":"E5K9JAuGCdWq2hI9f9IpI/O8hZ8/ExtixeJvd1ZMAc4="}},"GPlSecdfGJVsHzKeZSogrvpuPeSS+4tfSyk0c9uEr3s=":{"valueMac":{"type":"Buffer","data":"d54dpzdOecZe55j3X9XwB2FuMxDYk3yE3ic+4UCWHVY="}},"OiZlm6CnlVJv8szHuImwPa0eejRTwyD+zPVd7QlmMe0=":{"valueMac":{"type":"Buffer","data":"54yIpP3z3ra5tE5oLAPpB3o7ZJta83cRSNLYzQhMxww="}},"sAoz01trPa11WXu/0Nkz6427in0aO5Pa9+JTKFSuBgE=":{"valueMac":{"type":"Buffer","data":"krWim0CoMsXdxCKtWxMMAYSZikIvpIp2fabBw0z8OKU="}},"NQuzQsH749X5qcs0wNLofF7EwMPcaRGvw1LjEyrqDhU=":{"valueMac":{"type":"Buffer","data":"/xEP375H3tvv2YO3LsD4DJO6MBR3LRgLz72cTwB3xYg="}},"8l6LqH1WEhbDSp3G5W1FT1CwpDO/ypVeHGu8JBBUijs=":{"valueMac":{"type":"Buffer","data":"lD1D324sDb+2ZaPGhXDsb9WbpEuKBMmoOM4PEFxL5l8="}},"JvM5zbGZiS2lMNXABf9d26+ANNHzM8ID5vJDPHwOkos=":{"valueMac":{"type":"Buffer","data":"vitap1CNFw7IJ0w94+WzzPP9mZx/ye7r/bpnQZdx09I="}},"9ek1e7PxS5SnlZsn3hVYz+OZmDFVUb+eMKKUDNI8utU=":{"valueMac":{"type":"Buffer","data":"Mae/8O0xa/z4rTQARs+x+sVfJKODa1aV51r+1FjscLw="}},"9bjyeaS7hS0y9oSqP4EFQQUmQqUOrcB0VIILp4rypv0=":{"valueMac":{"type":"Buffer","data":"ASGqJFuCEn9jg086zdXVG6JrgMreWMLqIcmxudpCxNE="}},"ZByNF77gCcB45xIy1+Hi5CaH2WWpH9CmBQOTFHD+JWQ=":{"valueMac":{"type":"Buffer","data":"xWtnq52yt5b8d3QwXL+LvvAJtQI61uXYirqFt0wqyvY="}},"lIGIoWSyl/dN0/F7IG8Rdkr2rZKRcoiu371kCkvZOlU=":{"valueMac":{"type":"Buffer","data":"rQajRd5FksPIXdKIw3pB+Y9lmrL3hShQOzaHlLdX9ZQ="}},"Cm4O78R/rIfZu5oGO/zd9udWTiQi6FAi8Jt9AGPiUIc=":{"valueMac":{"type":"Buffer","data":"KWTlRXYRlu9FytgwAKVChYLVeJsb6ujScVT1DpSGQcc="}},"AuLVzSK4Mc9gXYiC0WZZpF0ssKwRrXt4pWyZ2tN7w9M=":{"valueMac":{"type":"Buffer","data":"yfqsRbE/iVVCsAj2pXp8gtW8HyB8FCe/O7Tat6KoKRs="}},"S2Pae1qtxLr+2nx9Fq1VOO2N/85ncn37la213nBbjmw=":{"valueMac":{"type":"Buffer","data":"+4UkH1+Pyl7ADxERePnrOxw81ExTgwDthNB8xSo2WIo="}},"vL7K5FgYUx/M/G7VRA6gR5IfAmkc4bX0CGuAEbtkweU=":{"valueMac":{"type":"Buffer","data":"Xcj2h5+IcWCyljovz4mqxvSiX+kC0lTCgxLpdWg6iWI="}},"dXfBqEkZUpkWpCkGnOhqGZ7SFQzfagl0S8O9J5kgVT8=":{"valueMac":{"type":"Buffer","data":"Q+jf+Y8iMJZmvrSToQdgav6r8BAI5zvMC0q1tnxHRDU="}},"Vce8NSSVpFECeVIa7R/aR5veNZ637QqW9h9WkLs37BY=":{"valueMac":{"type":"Buffer","data":"leGyYuzW2wHQ+yBIhZ2E0O+jLsNCHTmMfS0mLBKdvLI="}},"Ec68hdExOl8/Liiyke0a7UeO85FpitYs47zaRcz2Pc4=":{"valueMac":{"type":"Buffer","data":"p1FyqOOeFwuoJS8gNUCHaKpAtFnsOg72mMDnwm1lkjo="}},"/WPqQUDysDfG1ymXH1jRz/b3OmYH+UzKYxurRkRMUS0=":{"valueMac":{"type":"Buffer","data":"PP2vsA1c49Db6dnEAQT5GLoMGxfRzv4I7I5P1XU3asQ="}},"LJt9YyVE3ZXHxdE/4c7K6+XbeDhyb+rwPTYd8w6zrgQ=":{"valueMac":{"type":"Buffer","data":"uWO1qfJJ03U8O5JrgUI8m3cUMBGKAp8dpboOP85lAW4="}},"1glb4aB3hoITYuYjd6bw8IDD1am8C+/ESkp5KF0iO8I=":{"valueMac":{"type":"Buffer","data":"kWZVDe9ok0tlIV7o/vEVjGuZBe14Iz3JkC/f4aP/TUI="}},"gQn7aEh+Hy5iIbuOgj/xHhVL2XCN69Ns9m/tu5xhm+k=":{"valueMac":{"type":"Buffer","data":"xPG6uyBBYXe36rrgmor2DrVxyYI6RbODFXt9fiHDEHE="}},"jnuv3muim7GKR1JvBCYUSFhr2wI1BGXpDq8yljVzqNY=":{"valueMac":{"type":"Buffer","data":"5FWXL6piuNCCLQUHO8shAbl0VwXyitEHdWykKEpFc90="}},"Gbr6ltyk6iY448Q1+8fUJvfFZ3qjCiRXSMSHNIWI7Q0=":{"valueMac":{"type":"Buffer","data":"h7+vKwkQ8txI2n50WIuYf1Tv6/Cu5tjzSuc8OzDdFiw="}},"1cRX+0dOPAF91gLSqEjcRVUC6hv3L1/sTkC3CirpmLA=":{"valueMac":{"type":"Buffer","data":"2WEjeZQ7Ju/8XHJwd838R3fkYy5VxnpAVumXqReD8Qc="}},"7Oo4VucolhnPaAT2ZZkyiULKMpZN/TWX/9u+uGvnYfM=":{"valueMac":{"type":"Buffer","data":"LhJdp8L1ejBxm3bCFkm2Ae0HDUuyaTV+JTWZSEaQHyI="}},"hBRfxVDvCP3n5YCrZOCuQiNlJGaYUVU2VHpH3JEaxyc=":{"valueMac":{"type":"Buffer","data":"UMWQD4EcJBJUMYN4wBFVcnsTRoTy/O3X3GFq1d1gtfs="}},"GcnuYOxk68oe4Vp4De4RxDdlNKnB2+IBs5s+iSzTwGw=":{"valueMac":{"type":"Buffer","data":"Xuw+6pJ0pRu04CNEp1YrDJ03n/nvRUybxUrirVeQeMg="}},"QyWcqkLai3GxdA1xabH9UlOaTLN07X85yhZP4cFlzH4=":{"valueMac":{"type":"Buffer","data":"151ZAeIlQ6BiV4KyTGmCmJg+WVsfPDlmaytox/+lal4="}},"jy7zG8MWboADo0DZ0PRIir8Pp5oGOL3uC3AugMwhRak=":{"valueMac":{"type":"Buffer","data":"2TkYWukP5du7xlzlUi3G9I/TAXTt9o86LYWds/5M0lo="}},"UlkTxq6d/+o2EbgMT5ovChKfz+TQi8+aUOZlaDWAerc=":{"valueMac":{"type":"Buffer","data":"sFdVauPeaVaSCnL8VRAfUb2w0ceJ9B04aTzWa8KqjWE="}},"5Ux/wZOhJbPAomnOT/2AGgs9d45UkW2ejo8UfL7/y2Y=":{"valueMac":{"type":"Buffer","data":"7i5B8YDENT3hmRS5mGxXWFfn/CkSHo4/uQ2ywcsfKc4="}},"bU+X3zjQ/tCLwUwzVAbQQLQlyN8awswoQ04PuYdZQs4=":{"valueMac":{"type":"Buffer","data":"QCvfa2/RjKQyCMYQbiQIMntPCjggiujpoDimJt3/wPc="}},"OsdAZfX98k6bxfDodmo/xao++q738Z9SGrwDMVw1Hao=":{"valueMac":{"type":"Buffer","data":"BuDyBL3v5cyQwPdXbF6Q2HM70Tv1W53S1JeqcHleCcs="}},"poYe8vaIArW0/RgV+1LZyQq6VauvGOqCZ4D5Pe4/6s4=":{"valueMac":{"type":"Buffer","data":"UxJMqHQx3BHNI7xzv7tyzQ7xs2zpbgcXhXs7MYBKVpM="}},"+VitQMdqaHzbMdhCfw5kcGb5EZzp+waOMVBfb5cbhKM=":{"valueMac":{"type":"Buffer","data":"YN7XfIG6iidUwDj95FOoybfa+GJ/0IcQsLgB9f4O4RE="}},"6LL2KnmFg3GphuhpI5FCdrTVKHhGtCgmBbU6SJLiOqM=":{"valueMac":{"type":"Buffer","data":"I4LSJivx/oL77rF7GFIik9smipPeh0fEuD/1s8IEbgg="}},"lUS4pgCsfnI4lXsaZxdy69qV+9W/oxxk7sber+VQCxs=":{"valueMac":{"type":"Buffer","data":"qkMCWWP+TrS+N8vLzoeu5+9Jz8cW4Q1gFt2CFWndYAA="}},"l1eMJqvtc7U4xOCrJiEEzL1kZVIjs0EjNJYbA9J0FiY=":{"valueMac":{"type":"Buffer","data":"MGHlB/cDFQETaOdfhS0OODsAtAqdgVAgtjz6TU4rOBE="}},"c7bhvG3iMLDZf0tuhxuT64XdFVmn4DDJntGjzOhbiLs=":{"valueMac":{"type":"Buffer","data":"bQD1YIqdyypLx7xKK8M+OBANIaV5cSvGyl6MoZfK8js="}},"X4a7jB5jKygw/oGwaGxucdjnyK3VhDadeeF9J8nHFEw=":{"valueMac":{"type":"Buffer","data":"bo0jC9paT9hBF4CyPYdlONHK323D1vBLz4LeNifSb5Q="}},"wNqFhrp7XzGz/aj7rilGbCKsZ2lJYlhpXxYn3keoSec=":{"valueMac":{"type":"Buffer","data":"VitEblhEK+Rb8DrJN24JAimR7EgE3ZFQIRO1ROWNPFo="}},"+2ZbDScFWGNBypHcL+jiIK/9qpZoPTqu+gfNnmmkjDM=":{"valueMac":{"type":"Buffer","data":"1yQNSV7QGVxeGhdUMmlD5Frc2OQ1JGKUq17wEO/Lkd0="}},"tvMNzvvnGjabKhq++2mnWSCdXsYlj9pGNERtf4PkvqQ=":{"valueMac":{"type":"Buffer","data":"q8adMc1PrdpnON438NHtThUxe0FXA99eFuk01jE3VS0="}},"DtfOellkBm4LKMjMlyfKjC+nzFJDtP7foKLofvDNM60=":{"valueMac":{"type":"Buffer","data":"7ryOYdwvyWS7memB/myjrlkjyxzN6EBTRlPCxb07fXQ="}},"gGEelJMhgAzzlSt2iAugYAKRH87ESlP5s4dfPZHT3KE=":{"valueMac":{"type":"Buffer","data":"jmssVSCaRhz1IN/dWo2q8xA/mOB+YyU+jXvmHFEWWfY="}},"yXRF64iggCzkpyBYyeU2wPOiPbW9xWTG5LmLvz6XaTg=":{"valueMac":{"type":"Buffer","data":"89Z3T/ssMdyJn+5X+p+15lUVh1LrvlEFf8fFZ9K8JRQ="}},"xEi8ZmTZtA3bcX0q5BAU5tZziPzqKHo8aJaj2DY5EDs=":{"valueMac":{"type":"Buffer","data":"qAjqoDCXdkrEzXYe8C9wA99OPYFnl+Czy9IeqyJntaM="}},"C+uQZt6M+FsBQLBOK1usWUIE5OGAVggkAt6Q04DkHuw=":{"valueMac":{"type":"Buffer","data":"4mcbaXOgztNxM8CxTp97N5JvaxHY/6tDC5PkvieEot4="}},"2sxUeFMnhEgw1dEvy91sSHQAI6Pv53aAZ4mLKdvb3f8=":{"valueMac":{"type":"Buffer","data":"D2UdnRlxOvut8E6k8w9NG2LYitZlekEA/8/aigvJTgI="}},"raM2WLP6o/aPuYDsgAGn3ggeS5xMkMTGu0MI5jQMC40=":{"valueMac":{"type":"Buffer","data":"jYVoHlyqVvByO9wiup9W4c75d2OdQ+0W8SgLv9p1UGQ="}},"cD5RjzPq5CoQ489i/NdINxPl0Rda5zJ8Su9fF8axM8k=":{"valueMac":{"type":"Buffer","data":"BOhek3iONnx1DGJsomC73FDZYinNRzlkZxXf9ktXp0k="}},"5CxtjPK4tYzz5AbXHgdeSMkxeD/S+ncC5MG2xgNXI9c=":{"valueMac":{"type":"Buffer","data":"EZ4soJTZogGQg+EIbZkPay9Nriz44eZ+iktzvxHxDxI="}},"qwOGW4cYFlW4Hmy1wxn7UDJYPY45BMEEihbWf/Y9L8I=":{"valueMac":{"type":"Buffer","data":"Lh1M8heS1PUMS9V/uaXdVmpUJAEUl1QB5OBwR9iiCZo="}},"LcIrSZ4BP5DZ2kLKjcyhjNeEaa+1NjguYiVTdB4hWXs=":{"valueMac":{"type":"Buffer","data":"6wigSnW92zlJeR4pef/sx0LtdNO1wftbqKUmOajgB4k="}},"NfCIpuH2Ss1eJFuS3M4Sv13y5F2qZJWRw8Wrnz0DFYw=":{"valueMac":{"type":"Buffer","data":"d8ypsUCRbrjdn6QgZrHfgWaMY57ZVZVByOLN4UZf9yk="}},"8O0yHlUNZL/KER55JTOT3+/fSCpCl2RSGAaP/Mm4n+g=":{"valueMac":{"type":"Buffer","data":"mHgTcGynbiSNpmGN/alMXRkzLSjUR60hs6B1A0gwuWE="}},"ju3DsCeg4ng72pY7TDf/O8ykP14mPs1z8yxyXgNRG94=":{"valueMac":{"type":"Buffer","data":"z5VasbDZm0NjjkkYH8EGozSoOR5boOrOupNBKvHKYcI="}},"7bC9wGZfM1OFV6IRde4tSOVpHXqooAuBpXFCWv/4d2U=":{"valueMac":{"type":"Buffer","data":"7HW2nNhuShLoFSx/wziuUM5QWsuP7vwEIiukR72XLgE="}},"dlwNZlS2VD1in11jjYYzcft+O7e6Z++DVz7kd9cNiB0=":{"valueMac":{"type":"Buffer","data":"XBC5UtqtAP1m1Q+XupAD87bFO4DwrYPIWtbRzYs1B6M="}},"qrxgfPIODXj/ScB6+OL68tQk0Y3YGBXvQzUBu+NWtxM=":{"valueMac":{"type":"Buffer","data":"1LVsvV7R2yZZL/tKwfCdyS+OaN9Q61ZcLk/qqVsm3V8="}},"TcuZovt5tBRtb6X+DXxDLmFNakU12stPoJZ8/DVhr/8=":{"valueMac":{"type":"Buffer","data":"LbK0jXFvD8pPgNMfADRaK+SJJAtmFoLaN7ck3wYwjaY="}},"J87A0vOIKLQcy3ql2GPH7msuIizVvOTJVdlkzDxX2IU=":{"valueMac":{"type":"Buffer","data":"0vTd2vNd4Z1dPYIkkmX+B4riFjfHTBk+IR3Puu8O1W4="}},"eZzuWJwfOYOOq4GN6ug/9p6Dl/KkaCvnLieQ7PSoBsI=":{"valueMac":{"type":"Buffer","data":"jibrrrglnww1JRPpfv2XY2dROCHu6O26z+EkctVz2xo="}},"L3WzJcoWa/5ioa+yLwD58BMrbZBa+Cn/yvn2kvnRLoo=":{"valueMac":{"type":"Buffer","data":"xEofpO/u54bH/rTcEFejHOYKZ4tWCxAd9yL1JNXTmEQ="}},"DE2B3LhoLmydTGQ3vP820Yne9BtHZFZuu/Ac1WBX1Oc=":{"valueMac":{"type":"Buffer","data":"FAsIwZD+FUHVXtFgEZMST+AKDd3emiwqNVzYopA9uEY="}},"pELyz80LOpPxfIBDjf1lrO+gzdTi1n3OAFjf3vx8TQc=":{"valueMac":{"type":"Buffer","data":"U+pDIo8VFMiqh6ryhVQAQBQLlDwsuM6HKQbvIl/pcdA="}},"GtCeEoMrPoU4MDaAi6JNi/hDx+8TUZqDrRgi7kXwNF0=":{"valueMac":{"type":"Buffer","data":"Ijh4FuyCgoqvaWh7ViJqIOj8v6S2cFZShzBce1XPp9U="}},"sDhPn25HgkmmKGp+8fLEDp9B4k1UDjshDsMqX5WnJYI=":{"valueMac":{"type":"Buffer","data":"z43qndSRHu4VP7H001yiIcsicK2cwYuh8gwyRk6klBg="}},"Kd5eSc/rqMZKa6RKc5rWvbjmOg/TQNm1Rttr0gIA2b0=":{"valueMac":{"type":"Buffer","data":"Mw0iIzsyohywnOFGJpRvrKYbaeEhwLzxLr1Eoa62F/o="}},"DvZ4keihmEqds4LIfEVPax1dMNuSkdHtzK/y1iXFzYA=":{"valueMac":{"type":"Buffer","data":"Ibq1oQtQn8S8A4UGSmWR4rt4jaf2Nv2B+1rjL6dS9H8="}},"BhPAXPy8au3DtTYc7R0laZ9+fJrW3OfipY5FqT8aNfw=":{"valueMac":{"type":"Buffer","data":"xpgDivmilYFzxFA5FO7JFh1fxgjX7+qozg+yUCZueM8="}},"z9MCQD52rd2YB+ePEd5DQBxdRwAIpq6DnbsqHi+TgBo=":{"valueMac":{"type":"Buffer","data":"96nLFPJi0ZSARgq2Y26X5sXVncU5a0kF81MTHdvPfuQ="}},"hUoNTdYctyIQDC8lHZlF+ajzBvzWmnfR/cBzBFz+y/Q=":{"valueMac":{"type":"Buffer","data":"ATPY6REfcvKJi3YJOJczv2euycLDWjbyA5NuYK7C2yg="}},"8uK8eDEeqq9unu6Wfxo1bTyQObiTbdw9M4cy3fJPJPA=":{"valueMac":{"type":"Buffer","data":"GTkPJrsFHuyc0kpbdH3yXTRxaNjktp8m0PpTpBcO8x4="}},"b0cgYhZaQrb5qb1mBrW3vKEzsR06FdZdTSla6xA02ik=":{"valueMac":{"type":"Buffer","data":"i5/Za8JpRGqMSCwenPGq/3B2ixInh/s+c/vEReMWXWM="}},"8czeDRsLWe0E+TZfWUyv1c0SIiHp9fzaD0qbsSLiK5c=":{"valueMac":{"type":"Buffer","data":"nOqdS5a/LOu87NMK1qwzDTsJZ1F0alsb49GmokQCgPU="}},"kMIYkJoKHz7ZUWo54MD5mz6KuMnER7k9KFalHzg5uGs=":{"valueMac":{"type":"Buffer","data":"Kgwdxo8zlCKw68kTvbYiFTo2n1RwRdQFNAri7Wcj4PU="}},"Ujcu+iisHlGrO1h/kX3wlFUBnAjBF9nlKVahPVNfI/w=":{"valueMac":{"type":"Buffer","data":"rAGPaKe6/RC6kEAtojqf8e7Sasx6FfbudrCtMCEkvwo="}},"M8KeasvoBregX2ZyKY+3vDisACWtsX13jNg4vorPz1c=":{"valueMac":{"type":"Buffer","data":"KDeCktJmbjRmlKFbLHAS13zqPvvinIAKWKBrLAOmui4="}},"nBz744YBjNTJwEqH326axUVJ5iM6zBTdCTKaSyzGJpw=":{"valueMac":{"type":"Buffer","data":"E6A/mFj/WhfdfkIc38St6j2EPxTgKMShWNsIFXSFq7g="}},"rbHFJk38DEEDHo5+K42ZtbGQjhk5zYk14t2118hx2CU=":{"valueMac":{"type":"Buffer","data":"9JhE1dbU9rX2GaykulFKStSsZnu/8vIbfZxuZ4F8Nss="}},"ynDyjOfmGemW8ttoQ0KNLFqiAnDXANsjjflsytQvFvg=":{"valueMac":{"type":"Buffer","data":"T1zxCXziVgD3shFCE7RnDBOGXJ1ELxy3+jQIWrNAK6I="}}}}