{"version":3,"hash":{"type":"Buffer","data":"0SFD1gmBwFdC9i3wLDo62maA+FPd4nap7TGhQbnuhWKtdiaXYJmkFSganKbVgJX8lqTBPfbdK8jOrOrDcqLLCEZnJ7DOJAfRvvCy0kiC9hXwoCdjUV1OCFktgJ2b1BOlcxDgb+9YAOVs3Kl4bpC7OKFgV5gWr1MzDbYBkMy8zvU="},"indexValueMap":{"EIBj2Igfj7KyJk6OgJO6zxA49F3fpXNf+uhVeiszYBg=":{"valueMac":{"type":"Buffer","data":"y+73pny/T3jXzNI4SaDf5Hxr5DqwEEIE338cUBUgeq8="}},"jKvDc0bLdtzUhZq9yfTfU4GYJnfNiP+ntbVenLBmsPU=":{"valueMac":{"type":"Buffer","data":"TKUwYOuJ1rj3oaygKut22Uh465esHNXlcvLG0Y2RURg="}},"vKw5BTAFfw9UQADMO4QGjqkE6tfsq5v7ZJgVSaS8DPM=":{"valueMac":{"type":"Buffer","data":"iSeSZKEJ87nPfU6hRFxX8BZms1mIktFynvKgFrv+8Bk="}},"pasv0boL1CtkCyrMOlMEXcXfNpZ3fya2IvYobgCiW58=":{"valueMac":{"type":"Buffer","data":"eunihkOeqgExzlfPJTWwh3wzM66wbjEeFcaCZleSVbo="}},"me0wxAS++iuvGU8hZTG1UeCMXoUuQqDbs6znDAnER+Y=":{"valueMac":{"type":"Buffer","data":"PhOZwFF/QTR79PS33xwy8YEB7PumquV3gR+KUIHlPF8="}},"EaaGi9MnNapzeiUAbj04h5y3VXRYu7CjOjsWoyajhMM=":{"valueMac":{"type":"Buffer","data":"wKyaovaq2fbfOfU0TxPCX+Mom0TI1ReQ/IOJ4TORZOg="}},"amhZ7P4fnJHefaw+BUVn2/sgPi1L5vaLAE+nACm9I/8=":{"valueMac":{"type":"Buffer","data":"c0IgjyrFajKrugbncY7VnqtUGArBzv6MRIIuXUsZ5Co="}},"sqApzBWsqLARNW7GJdrg3Ns7zdOkJeF29yjN/C2fkbE=":{"valueMac":{"type":"Buffer","data":"WSmmgZOrZWfCJQVbv1T4jyGUundPkmGAe0WLaJqUxJw="}},"tI/OZlePxdZ4EE2pteiXI1UO/7QwVXrsXlRfz+9CJyw=":{"valueMac":{"type":"Buffer","data":"a2JNcGeS0BJuADShXSN3RTYRcVJS1Gt1WPUaRtiVEoM="}}}}