{"noiseKey":{"private":{"type":"Buffer","data":"yHP24HlStOelfCYqwgsOKmywcNYkEYzMYkzQ3aASJnk="},"public":{"type":"Buffer","data":"Yv9ioDbwqJBtXrZ5xajTzFPqHN4i/RI3PInxLmyBTRk="}},"signedIdentityKey":{"private":{"type":"Buffer","data":"cDlf9XssYI9i0lDLt+w8m0OBg3rgOX8Mbxaot3mz23g="},"public":{"type":"Buffer","data":"Xx/w02l4Z+x4R1dRh/+Wi7v127OkXDDWsCEiPfRfhGI="}},"signedPreKey":{"keyPair":{"private":{"type":"Buffer","data":"sOlrs1vKqOL6fwLS2buh+TswvZgjsox81uE1xZpTkVQ="},"public":{"type":"Buffer","data":"WN+HWTRnoLF+KXGsnWKXztmd4kN2aHr6cYnTwzWUkg8="}},"signature":{"type":"Buffer","data":"b/gXrMtg+6fXXlm+0QonfGPMtr4OmSL7LIcpHzOXhr9dq7R2xYknAGS/N49f4Yp7fcwQfndWNWJ8irLcE9cahw=="},"keyId":1},"registrationId":91,"advSecretKey":"670jUDxoABSvPLLMQ3//kRnH5qTTd5K16fZfIJidM4s=","processedHistoryMessages":[{"key":{"remoteJid":"6289691354683@s.whatsapp.net","fromMe":true,"id":"4DC9554FB07D830FE6A7E92018B4A419"},"messageTimestamp":1684320110},{"key":{"remoteJid":"6289691354683@s.whatsapp.net","fromMe":true,"id":"10F7455C37D697B1BE2C38AB7CC646F6"},"messageTimestamp":1684320110},{"key":{"remoteJid":"6289691354683@s.whatsapp.net","fromMe":true,"id":"F6EADEAC27A5C1E41385AB98D3C7A533"},"messageTimestamp":1684320112},{"key":{"remoteJid":"6289691354683@s.whatsapp.net","fromMe":true,"id":"3D9137680834310821E91A8DDD6C2208"},"messageTimestamp":1684320112}],"nextPreKeyId":32,"firstUnuploadedPreKeyId":32,"accountSyncCounter":1,"accountSettings":{"unarchiveChats":false},"account":{"details":"CK/ErPwFEOjekqMGGAE=","accountSignatureKey":"+wu2HD+e77oqqPY5P9uQ3B9ESLCQuQ+0UJoyr20FnH4=","accountSignature":"g3TCQNH4uncUTc6EvA9CA8OXo7mgs8wv0i09g9QJo6xwndSmAKDyx1+C2Ly09QAc95FHt8LOf0GpoGNNcyQdBQ==","deviceSignature":"NggWCeufayEY8ahYHPY7A3mHKrk7O8mKYxCNoIv8pWt6ZoV1ZHOb7FSYKzOPxYDu3HPqfnWkjACrik3+RH1yjg=="},"me":{"id":"6289691354683:1@s.whatsapp.net","name":"Autophage AI"},"signalIdentities":[{"identifier":{"name":"6289691354683:1@s.whatsapp.net","deviceId":0},"identifierKey":{"type":"Buffer","data":"BfsLthw/nu+6Kqj2OT/bkNwfREiwkLkPtFCaMq9tBZx+"}}],"platform":"smba","lastAccountSyncTimestamp":1684320607,"myAppStateKeyId":"AAAAAMQX"}