{"_sessions":{"BSreW1YrBrIv+oI2iuX71dQIB0UnSnCOHgWMxFJAPQ96":{"registrationId":603148009,"currentRatchet":{"ephemeralKeyPair":{"pubKey":"BUxKXqTwN8rJTmeVRJmoSQ09lDdwleXxTwJEBmy1z38O","privKey":"kAC9HGS73Sz8xAX4rBffyvoKX2j0xTIkWTkpJPKAskc="},"lastRemoteEphemeralKey":"BX6ZVmm6a4XawOMDAsJ68oO15B4YNCSnTKqsEF2wWSEj","previousCounter":0,"rootKey":"LjmfiZc2c9iksI4j8NQLGACXpJMhFKWLqdd5xkgL3UA="},"indexInfo":{"baseKey":"BSreW1YrBrIv+oI2iuX71dQIB0UnSnCOHgWMxFJAPQ96","baseKeyType":1,"closed":-1,"used":1684320047453,"created":1684320047453,"remoteIdentityKey":"BajXN1khzGFMtHjwE10zQIbFnoSXO50NVmKqHeFopQJ2"},"_chains":{"BUxKXqTwN8rJTmeVRJmoSQ09lDdwleXxTwJEBmy1z38O":{"chainKey":{"counter":3,"key":"TXyl3JWaglTh3lUtYqKbxV5QseMgMR1BNrpPDOePw+I="},"chainType":1,"messageKeys":{}}},"pendingPreKey":{"signedKeyId":5536579,"baseKey":"BSreW1YrBrIv+oI2iuX71dQIB0UnSnCOHgWMxFJAPQ96"}}},"version":"v1"}