{"_sessions":{"Bamj3jWPNamlaygpLrPkbmoA8uwTOnJHNrT95rP+CadK":{"registrationId":3969,"currentRatchet":{"ephemeralKeyPair":{"pubKey":"BXLIMFC73L1gHy0B4T4Sx1tO+6Qk5TQndgfoYOelxDhQ","privKey":"eDHgfHhvl2OeH1hvxKDaAwcP9RMB+0nZ/yFYcWu5qXs="},"lastRemoteEphemeralKey":"BcnU7VKe/g3yuToq7JQtyf/SsBbKNPci3EhFbWEQGjIz","previousCounter":0,"rootKey":"TSbCAS87PXz2Z9sfgPpEzhEOL7WTe8EFL637uOaF5YY="},"indexInfo":{"baseKey":"Bamj3jWPNamlaygpLrPkbmoA8uwTOnJHNrT95rP+CadK","baseKeyType":2,"closed":-1,"used":1684322287731,"created":1684320133261,"remoteIdentityKey":"BcS/1DzGfl+3J4xzXt9ydCynWaOzj2IzFe+N7PDJK/oj"},"_chains":{"BUeEa5LA2KVZC3kymYgpPVVvU4gvMmOTW81EJr6nNswG":{"chainKey":{"counter":2},"chainType":2,"messageKeys":{}},"BaJ6wDRIgD9Op6Dp4hzIZ6SL7AKzr0uAMuJDjd44mUBP":{"chainKey":{"counter":0},"chainType":2,"messageKeys":{}},"BWFeY9NAatz6uLXcooa8w+JXhlB7VmxQZUSA/05qF0Mf":{"chainKey":{"counter":0},"chainType":2,"messageKeys":{}},"BR9Cj1w7ATUWoZmQZ6Abu/8BbusynWlSnQT5PtwZHZU/":{"chainKey":{"counter":0},"chainType":2,"messageKeys":{}},"BQetgj+CTIIDNxJDd/P7LIRmfEk+bXJzbqIUj2CVJC5t":{"chainKey":{"counter":0},"chainType":2,"messageKeys":{}},"BfaXubpg3/DxgIxsHqb+7gfjeZM2A12f24HNHy9Fvzoj":{"chainKey":{"counter":0},"chainType":2,"messageKeys":{}},"BS0xBsMwoTLX/NasdKXo741JTHwNBSnY7b/9wufZNMJM":{"chainKey":{"counter":0},"chainType":2,"messageKeys":{}},"BU10EJWHZE7U1vl5ftuWWI/Snd0wKOrWgoaGnm+Mk8ZJ":{"chainKey":{"counter":0},"chainType":2,"messageKeys":{}},"BRt83tXGIoyopFWf0xwXUqFWKSwXq7FYJFZqr/40mm1M":{"chainKey":{"counter":0},"chainType":2,"messageKeys":{}},"BYtm/rDd+w1W6RbUplpMq6IP1TMS24Ml9Z1ma8vQSGJG":{"chainKey":{"counter":0},"chainType":2,"messageKeys":{}},"Bc3l57rG4pTPxbsLwVZjvEL/GigYvcwqmiw8S1aeHbUn":{"chainKey":{"counter":0},"chainType":2,"messageKeys":{}},"BX4O2OSom900jGFYT9uyBVJVZccKBmcpWeIraOYcjxUm":{"chainKey":{"counter":0},"chainType":2,"messageKeys":{}},"BWSf43iCNWd6LeKXvLSLNkzw0347iX4D9vFRZnsHjL0T":{"chainKey":{"counter":0},"chainType":2,"messageKeys":{}},"BcnU7VKe/g3yuToq7JQtyf/SsBbKNPci3EhFbWEQGjIz":{"chainKey":{"counter":0,"key":"GMLJDzoo6XHVGKs1vYTNf+PbIXtPQKx3bGNjFszV6/M="},"chainType":2,"messageKeys":{}},"BXLIMFC73L1gHy0B4T4Sx1tO+6Qk5TQndgfoYOelxDhQ":{"chainKey":{"counter":0,"key":"CqoNWjdgcSK508j3AaElYClQHk3jP9ejSEX/myjcmMU="},"chainType":1,"messageKeys":{}}}}},"version":"v1"}