{"_sessions":{"BZA8HaIGrsNxtxu0/5t5RXJxuzIxxkm4Lm+Xt2Iu3Ysa":{"registrationId":686329616,"currentRatchet":{"ephemeralKeyPair":{"pubKey":"BXB9CdoUpo5pWZwWmdzSTu7MaLB5USzj5Tc0Zpk6qiIt","privKey":"4Dq5akULuiw0JG/0ZTrUBLfaBFszkUF7IhvrqP1PN2Q="},"lastRemoteEphemeralKey":"BTDQF9DElCbMJXM/+0xwXm0P43LvABR0Md0I0Y+I4E4W","previousCounter":0,"rootKey":"IBU40U70WCFc01HGGOVf3YcqdPzV8IJ3QS4mp31HdU0="},"indexInfo":{"baseKey":"BZA8HaIGrsNxtxu0/5t5RXJxuzIxxkm4Lm+Xt2Iu3Ysa","baseKeyType":2,"closed":-1,"used":1684320127294,"created":1684320046145,"remoteIdentityKey":"BfsLthw/nu+6Kqj2OT/bkNwfREiwkLkPtFCaMq9tBZx+"},"_chains":{"BThDrKE/KXI2RRnDVwuk1Ty8hY9wmkE5A+jPeMfjU3kL":{"chainKey":{"counter":7},"chainType":2,"messageKeys":{}},"BTDQF9DElCbMJXM/+0xwXm0P43LvABR0Md0I0Y+I4E4W":{"chainKey":{"counter":0,"key":"Lkd+wgqLt7l34BdVgjO4rge+VDRLvgLy7HIYrMKkmdE="},"chainType":2,"messageKeys":{}},"BXB9CdoUpo5pWZwWmdzSTu7MaLB5USzj5Tc0Zpk6qiIt":{"chainKey":{"counter":16,"key":"yz7xfk47f77vAGzm6ieg8tnJoDV3S4voVveTBCNk3h0="},"chainType":1,"messageKeys":{}}}}},"version":"v1"}