{"_sessions":{"BabRUDDvo4rRoSpQe/DxCP5GaCFaTSgW7nMPns0wUkdi":{"registrationId":2070907021,"currentRatchet":{"ephemeralKeyPair":{"pubKey":"BbmEhlkd09auimmAFIrOZmPjoXoxWOSR9V8QEjgDo7gX","privKey":"GGTG+UecxBkVkUkxxUe1AgV4E038I6m5j0fWtF99KGg="},"lastRemoteEphemeralKey":"Bdn5u8Yp8n+NAj2ET6aph3g+udXn7zT5R4EEqq9UI01i","previousCounter":0,"rootKey":"XZqERAXM5LOW7yaqeJhB/5vfm2zA51oll7Ssn6P5vI4="},"indexInfo":{"baseKey":"BabRUDDvo4rRoSpQe/DxCP5GaCFaTSgW7nMPns0wUkdi","baseKeyType":1,"closed":-1,"used":1684320151357,"created":1684320151357,"remoteIdentityKey":"BVpwdmAfFTHlEj4WcjxviEaPCLwahBjChmN2snXMpIZs"},"_chains":{"BbmEhlkd09auimmAFIrOZmPjoXoxWOSR9V8QEjgDo7gX":{"chainKey":{"counter":13,"key":"H+L1V5z27Ve5gO3S2WtDVVhVD1DGINuPd5Kk3umueJM="},"chainType":1,"messageKeys":{}}},"pendingPreKey":{"signedKeyId":7,"baseKey":"BabRUDDvo4rRoSpQe/DxCP5GaCFaTSgW7nMPns0wUkdi","preKeyId":2930106}}},"version":"v1"}